{"def":{"description":{"zh_CN":""},"type":12,"docUrl":"","author":"","codeName":"","codePath":"","params":{"inputData1":{"type":"data","propertyName":"dataName","defInPortUuid":"in1"},"outputData1":{"type":"data","propertyName":"dataName","defOutPortUuid":"out1"},"inputData2":{"type":"data","propertyName":"dataName","defInPortUuid":"in2"},"__cpu":{"type":"string","controlInstUuid":"system-cpu","value":"","isRequired":false},"__mem":{"type":"string","controlInstUuid":"system-mem","isRequired":false,"value":""},"__scale":{"type":"string","controlInstUuid":"system-scale","value":"","isRequired":false},"param1":{"type":"string","controlInstUuid":"67628150b72311ecaf08e1087aa0a97f","value":"100"},"param2":{"type":"string","controlInstUuid":"89b76a40b72311ecaf08e1087aa0a97f","value":"20"},"param3":{"type":"string","controlInstUuid":"4ceb6a50b93311ecaf08e1087aa0a97f","value":"20"}},"ports":[{"uuid":"in1","description":{"en_US":"input data","zh_CN":"in1"},"display":true,"type":"data","subType":"all","ioType":"in","angle":180,"x":0,"y":30},{"uuid":"out1","description":{"en_US":"output data","zh_CN":"out1"},"display":true,"type":"data","subType":"all","ioType":"out","angle":0,"x":90,"y":45},{"uuid":"in2","id":"4e370610b72311ecaf08e1087aa0a97f","description":{"en_US":"in2","zh_CN":"in2"},"display":true,"ioType":"in","type":"data","subType":"json","angle":180,"x":0,"y":60}],"actionList":[{}],"downloadList":[{}],"watchList":[{}],"dockerRepo":"rob","dockerCmd":"rob.exe components.clickMouse.app"},"ui":{"tabs":{"params":{"tabName":{"en_US":"Parameters Setting","zh_CN":"参数设置","zh":"参数设置"},"controls":[{"uuid":"67628150b72311ecaf08e1087aa0a97f","type":"string","label":{"zh_CN":"点击时间间隔（ms）"},"placeholder":{"zh_CN":"占位提示文本"},"tooltip":{"zh_CN":""},"relations":{"hide":{"operator":"=="}}},{"uuid":"89b76a40b72311ecaf08e1087aa0a97f","type":"string","label":{"zh_CN":"检测半径"},"placeholder":{"zh_CN":"占位提示文本"},"tooltip":{"zh_CN":""},"relations":{"hide":{"operator":"=="}}},{"uuid":"4ceb6a50b93311ecaf08e1087aa0a97f","type":"string","label":{"zh_CN":"最大点击次数"},"placeholder":{"zh_CN":"占位提示文本"},"tooltip":{"zh_CN":""},"relations":{"hide":{"operator":"=="}}}]},"tune":{"tabName":{"en_US":"Tuning","zh_CN":"执行调优","zh":"执行调优"},"controls":[{"uuid":"system-scale","type":"string","label":{"zh_CN":"启动容器数"},"placeholder":{"zh_CN":"默认自动选择"}},{"uuid":"system-cpu","type":"string","label":{"zh_CN":"每个容器cpu核数"},"placeholder":{"zh_CN":"默认自动选择"}},{"uuid":"system-mem","type":"string","label":{"zh_CN":"每个容器内存数(GB)"},"placeholder":{"zh_CN":"默认自动选择"}}]}}},"locale":"zh_CN","receieveMsgType":"async","icon":"cube","color":"rgba(255,255,255,1)","timestamp":1649639078338}